{"DiT-S":{"display":"SiT-S","gs":{"lr":[5e-05,6.5e-05,8.3e-05,0.00011,0.00014,0.00018,0.00023,0.0003,0.00039,0.0005],"mean":[43.949,37.365,31.981,28.615,26.487,24.557,24.202,23.865,25.168,25.643],"std":[0.9073,0.4424,0.6784,0.6704,0.5349,0.4433,0.6676,0.5361,3.1698,0.6546],"cov":[2.064,1.184,2.121,2.343,2.02,1.805,2.758,2.246,12.595,2.553],"ndiv":[0,0,0,0,0,0,0,0,0,3]},"unguided":{"lr":[5e-05,6.5e-05,8.3e-05,0.00011,0.00014,0.00018,0.00023,0.0003,0.00039,0.0005],"mean":[103.368,97.894,92.193,88.493,86.138,82.978,81.618,79.481,79.568,77.163],"std":[1.544,0.8047,1.0917,1.0277,0.9108,0.7344,1.0919,0.869,5.3166,1.3717],"cov":[1.494,0.822,1.184,1.161,1.057,0.885,1.338,1.093,6.682,1.778],"ndiv":[0,0,0,0,0,0,0,0,0,3]}},"DiT-B":{"display":"SiT-B","gs":{"lr":[5e-05,6.5e-05,8.3e-05,0.00011,0.00014,0.00018,0.00023,0.0003,0.00039,0.0005],"mean":[35.155,28.773,24.031,20.963,18.382,16.767,16.537,16.701,16.839,18.409],"std":[0.896,0.4355,0.6084,0.3112,0.3207,0.3588,0.324,0.3528,0.4395,4.5337],"cov":[2.549,1.513,2.532,1.485,1.745,2.14,1.959,2.113,2.61,24.627],"ndiv":[0,0,0,0,0,0,0,0,0,0]},"unguided":{"lr":[5e-05,6.5e-05,8.3e-05,0.00011,0.00014,0.00018,0.00023,0.0003,0.00039,0.0005],"mean":[91.835,85.269,79.169,75.174,70.734,67.684,67.328,66.626,64.558,63.252],"std":[1.3652,0.9059,1.6234,0.9416,0.9037,1.0611,1.0668,1.0292,1.82,4.1367],"cov":[1.487,1.062,2.051,1.253,1.278,1.568,1.584,1.545,2.819,6.54],"ndiv":[0,0,0,0,0,0,0,0,0,0]}},"DiT-L":{"display":"SiT-L","gs":{"lr":[5e-05,6.5e-05,8.3e-05,0.00011,0.00014,0.00018,0.00023,0.0003,0.00039,0.0005],"mean":[23.865,19.68,16.374,14.606,13.121,12.417,12.152,11.943,12.202,12.863],"std":[0.8424,0.5577,0.3059,0.2413,0.2325,0.1698,0.2246,0.1992,0.4229,1.213],"cov":[3.53,2.834,1.868,1.652,1.772,1.367,1.848,1.668,3.466,9.43],"ndiv":[0,0,0,0,0,0,0,0,0,0]},"unguided":{"lr":[5e-05,6.5e-05,8.3e-05,0.00011,0.00014,0.00018,0.00023,0.0003,0.00039,0.0005],"mean":[72.357,65.994,58.554,55.194,50.867,49.703,49.767,48.192,47.537,46.281],"std":[2.4165,1.7683,1.388,0.8747,0.9727,1.3028,1.5251,1.6657,2.159,2.7886],"cov":[3.34,2.679,2.37,1.585,1.912,2.621,3.064,3.456,4.542,6.025],"ndiv":[0,0,0,0,0,0,0,0,0,0]}},"DiT-XL":{"display":"SiT-XL","gs":{"lr":[5e-05,6.5e-05,8.3e-05,0.00011,0.00014,0.00018,0.00023,0.0003,0.00039,0.0005],"mean":[23.208,19.08,16.148,14.328,12.923,12.033,11.822,11.575,11.634,11.845],"std":[0.776,0.442,0.2201,0.1784,0.1352,0.2223,0.3042,0.2072,0.4202,1.0415],"cov":[3.344,2.317,1.363,1.245,1.046,1.847,2.573,1.79,3.612,8.793],"ndiv":[0,0,0,0,0,0,0,0,0,1]},"unguided":{"lr":[5e-05,6.5e-05,8.3e-05,0.00011,0.00014,0.00018,0.00023,0.0003,0.00039,0.0005],"mean":[70.853,64.05,58.188,54.208,50.16,48.138,48.381,46.586,44.566,41.222],"std":[1.8827,1.2528,1.0695,0.8407,0.794,1.5263,1.86,1.201,2.0601,2.8846],"cov":[2.657,1.956,1.838,1.551,1.583,3.171,3.845,2.578,4.623,6.998],"ndiv":[0,0,0,0,0,0,0,0,0,1]}}}